{"cameraMode":{"drawMode":0,"name":"Shaded","section":"Shading Mode"},"sceneLighting":true,"audioPlay":false,"sceneViewState":{"m_AlwaysRefresh":false,"showFog":true,"showSkybox":true,"showFlares":true,"showImageEffects":true,"showParticleSystems":true,"showVisualEffectGraphs":true,"m_FxEnabled":true},"in2DMode":false,"pivot":{"x":841.4954223632813,"y":90.01329040527344,"z":0.40850862860679629},"rotation":{"x":0.13904784619808198,"y":0.0014854285400360823,"z":-0.0002085719461319968,"w":0.9902848601341248},"size":1381.26513671875,"orthographic":true}